INSERT INTO APP.PNSM_STUDENTS (STUDENT_ID, PROGRAM_OF_STUDY) 
	VALUES ('1', 'SEG');
INSERT INTO APP.PNSM_STUDENTS (STUDENT_ID, PROGRAM_OF_STUDY) 
	VALUES ('2', 'CSI');
INSERT INTO APP.PNSM_STUDENTS (STUDENT_ID, PROGRAM_OF_STUDY) 
	VALUES ('3', 'ELG');
INSERT INTO APP.PNSM_STUDENTS (STUDENT_ID, PROGRAM_OF_STUDY) 
	VALUES ('4', 'CEG');
INSERT INTO APP.PNSM_INSTRUCTOR (INSTRUCTOR_ID) 
	VALUES ('1');
INSERT INTO APP.PNSM_INSTRUCTOR (INSTRUCTOR_ID) 
	VALUES ('2');
INSERT INTO APP.PNSM_USERS (USER_ID, EMAIL, FIRST_NAME, LAST_NAME, PASSWORD, SALT, INSTRUCTOR_ID, STUDENT_ID) 
	VALUES (1, '1', 'Max', 'Belair', NULL, NULL,  NULL, '1');
INSERT INTO APP.PNSM_USERS (USER_ID, EMAIL, FIRST_NAME, LAST_NAME, PASSWORD, SALT, INSTRUCTOR_ID, STUDENT_ID) 
	VALUES (2, '1', 'Pat', 'Boulet', NULL, NULL, '1', '2');
INSERT INTO APP.PNSM_USERS (USER_ID, EMAIL, FIRST_NAME, LAST_NAME, PASSWORD, SALT, INSTRUCTOR_ID, STUDENT_ID) 
	VALUES (3, '1', 'Nic', 'Saumure', NULL, NULL, NULL, '3');
INSERT INTO APP.PNSM_USERS (USER_ID, EMAIL, FIRST_NAME, LAST_NAME, PASSWORD, SALT, INSTRUCTOR_ID, STUDENT_ID) 
	VALUES (4, '1', 'Sofiane', 'Battou', NULL, NULL, '2', '4');
INSERT INTO APP.PNSM_COURSES (COURSE_ID, COURSE_SECTION, "NAME", TEAM_PARAMETERS_ID) 
	VALUES (1, 'SEG3502', 'Architecture', NULL);
INSERT INTO APP.PNSM_COURSES (COURSE_ID, COURSE_SECTION, "NAME", TEAM_PARAMETERS_ID) 
	VALUES (2, 'SEG3501', 'Exigences', NULL);
INSERT INTO APP.PNSM_COURSES (COURSE_ID, COURSE_SECTION, "NAME", TEAM_PARAMETERS_ID) 
	VALUES (3, 'CSI3505', 'Algorithme', NULL);
INSERT INTO APP.PNSM_COURSES (COURSE_ID, COURSE_SECTION, "NAME", TEAM_PARAMETERS_ID) 
	VALUES (4, 'CSI2772', 'c++', NULL);
INSERT INTO APP.PNSM_INSTRUCTOR_PNSM_COURSES (INSTRUCTOR_INSTRUCTOR_ID, COURSELIST_COURSE_ID) 
	VALUES ('1', 1);
INSERT INTO APP.PNSM_INSTRUCTOR_PNSM_COURSES (INSTRUCTOR_INSTRUCTOR_ID, COURSELIST_COURSE_ID) 
	VALUES ('1', 2);
INSERT INTO APP.PNSM_INSTRUCTOR_PNSM_COURSES (INSTRUCTOR_INSTRUCTOR_ID, COURSELIST_COURSE_ID) 
	VALUES ('2', 3);
INSERT INTO APP.PNSM_INSTRUCTOR_PNSM_COURSES (INSTRUCTOR_INSTRUCTOR_ID, COURSELIST_COURSE_ID) 
	VALUES ('2', 4);
INSERT INTO APP.PNSM_STUDENTS_PNSM_COURSES (STUDENT_STUDENT_ID, COURSELIST_COURSE_ID) 
	VALUES ('1', 1);
INSERT INTO APP.PNSM_STUDENTS_PNSM_COURSES (STUDENT_STUDENT_ID, COURSELIST_COURSE_ID) 
	VALUES ('1', 2);
INSERT INTO APP.PNSM_STUDENTS_PNSM_COURSES (STUDENT_STUDENT_ID, COURSELIST_COURSE_ID) 
	VALUES ('1', 3);
INSERT INTO APP.PNSM_STUDENTS_PNSM_COURSES (STUDENT_STUDENT_ID, COURSELIST_COURSE_ID) 
	VALUES ('1', 4);
INSERT INTO APP.PNSM_STUDENTS_PNSM_COURSES (STUDENT_STUDENT_ID, COURSELIST_COURSE_ID) 
	VALUES ('2', 1);
INSERT INTO APP.PNSM_STUDENTS_PNSM_COURSES (STUDENT_STUDENT_ID, COURSELIST_COURSE_ID) 
	VALUES ('2', 3);
INSERT INTO APP.PNSM_STUDENTS_PNSM_COURSES (STUDENT_STUDENT_ID, COURSELIST_COURSE_ID) 
	VALUES ('2', 4);
INSERT INTO APP.PNSM_STUDENTS_PNSM_COURSES (STUDENT_STUDENT_ID, COURSELIST_COURSE_ID) 
	VALUES ('3', 1);
INSERT INTO APP.PNSM_STUDENTS_PNSM_COURSES (STUDENT_STUDENT_ID, COURSELIST_COURSE_ID) 
	VALUES ('3', 2);
INSERT INTO APP.PNSM_STUDENTS_PNSM_COURSES (STUDENT_STUDENT_ID, COURSELIST_COURSE_ID) 
	VALUES ('4', 1);
INSERT INTO APP.PNSM_STUDENTS_PNSM_COURSES (STUDENT_STUDENT_ID, COURSELIST_COURSE_ID) 
	VALUES ('4', 3);